"personId","tpp","ftp","fgp","ppg","rpg","apg","bpg","mpg","spg","assists","blocks","steals","turnovers","offReb","defReb","totReb","fgm","fga","tpm","tpa","ftm","fta","pFouls","points","gamesPlayed","gamesStarted","plusMinus","min","dd2","td3"
2544,34.5,73.4,50.4,27.0,7.4,7.4,0.8,38.2,1.6,9669,981,2058,4576,1533,8195,9728,12869,25537,1973,5719,7572,10321,2390,35283,1306,1305,7130,49938,507,99
2546,35.1,81.3,44.7,23.2,6.4,2.8,0.5,35.3,1.0,3327,586,1168,2981,1914,5542,7456,9701,21688,1529,4361,6155,7571,3336,27086,1168,1117,1548,41220,172,2
2617,8.6,75.5,48.9,7.6,6.7,0.8,0.3,25.1,0.5,729,249,422,804,1607,4147,5754,2643,5400,5,58,1232,1631,2043,6523,858,500,489,21563,134,0
2730,15.9,56.5,58.6,16.3,12.1,1.4,1.9,32.8,0.9,1615,2173,1037,3225,3965,10106,14071,6857,11701,13,82,5220,9236,3737,18947,1160,1050,2973,38095,738,1
2738,33.3,70.8,46.4,11.7,5.0,4.2,0.5,32.7,1.5,4965,593,1722,2180,1085,4793,5878,4947,10664,1047,3146,2808,3964,2103,13749,1173,781,2906,38388,81,9
2772,35.1,73.1,42.2,10.5,4.8,2.2,0.3,29.7,1.5,2308,336,1589,1445,1048,4113,5161,4017,9514,1540,4388,1680,2297,2138,11254,1071,735,910,31813,41,1
101108,36.9,87.2,47.1,18.4,4.5,9.4,0.1,34.7,2.2,10051,144,2296,2572,685,4139,4824,6873,14593,1439,3897,4377,5020,2613,19562,1066,1066,5403,37025,459,16
101141,36.5,77.6,44.3,10.2,5.7,1.1,0.4,23.2,0.7,905,290,550,784,1391,3243,4634,3103,6998,865,2372,1230,1585,1968,8301,812,423,-38,18828,100,0
101150,35.0,84.1,42.0,14.4,2.3,3.5,0.2,24.7,0.9,3603,187,916,1811,409,1938,2347,4838,11509,1396,3990,3928,4671,1371,15000,1043,121,529,25798,21,1
200746,31.7,81.1,49.1,19.4,8.3,2.0,1.1,34.2,0.7,2021,1129,741,1592,2701,5753,8454,8034,16366,209,659,3610,4451,2509,19887,1024,980,2741,35061,352,0
200752,34.9,79.9,45.4,16.9,5.9,2.2,0.8,32.7,1.2,2135,742,1171,2136,1349,4417,5766,6292,13847,1040,2978,2979,3730,2314,16603,984,777,-362,32166,85,0
200755,41.5,89.2,44.7,12.9,2.0,2.0,0.1,25.7,0.4,1851,87,418,1029,171,1720,1891,3990,8923,1935,4666,2056,2305,1404,11971,927,488,2698,23818,1,0
200765,31.9,60.6,45.7,10.0,4.7,8.1,0.1,30.6,1.6,7310,117,1470,2478,881,3305,4186,3767,8235,399,1252,1082,1785,1913,9015,900,731,1366,27504,236,32
200768,36.7,81.2,42.4,14.8,4.4,6.2,0.3,31.7,1.3,5941,277,1278,2236,769,3389,4158,4534,10703,1802,4905,3275,4035,2613,14145,953,717,2562,30228,149,18
200782,35.8,74.9,42.0,7.2,5.7,1.4,0.3,29.3,1.2,985,225,819,690,1062,2891,3953,1790,4266,717,2001,651,869,1717,4948,689,510,190,20196,40,0
200794,34.6,73.6,49.1,13.8,7.2,2.2,1.0,28.9,1.3,2316,1021,1302,1792,2281,5200,7481,5353,10905,523,1513,3049,4142,3146,14278,1033,743,2752,29822,225,1
201142,38.2,88.2,49.3,27.1,7.1,4.1,1.1,36.8,1.1,3586,968,962,2720,624,5507,6131,8002,16218,1619,4235,5868,6651,1661,23491,868,867,3826,31983,211,12
201143,36.4,75.5,51.7,13.9,8.2,3.3,1.2,32.5,0.8,2912,1034,713,1373,1827,5415,7242,5159,9972,520,1427,1450,1920,1991,12288,881,871,2046,28592,245,2
201144,37.8,82.0,44.0,14.9,3.0,5.6,0.2,32.3,1.4,4926,172,1250,1754,402,2210,2612,4631,10527,1285,3398,2484,3029,1723,13031,873,837,1633,28186,65,0
201145,33.8,80.4,44.3,12.8,4.4,1.6,0.5,29.4,0.7,1480,501,680,1390,856,3316,4172,4426,9985,991,2935,2349,2922,2076,12192,952,568,-1636,27951,41,0
201152,33.2,66.7,50.1,13.1,5.9,1.8,0.4,30.1,1.4,1791,415,1462,1481,2036,3949,5985,5695,11362,492,1484,1333,2000,2220,13215,1007,696,-194,30329,108,0
201162,39.3,73.2,46.4,7.3,3.2,1.5,0.2,22.3,0.8,1395,167,710,763,805,2042,2847,2408,5195,883,2246,934,1276,1636,6633,903,286,518,20111,12,0
201188,35.4,77.7,48.0,14.2,7.4,3.4,1.4,32.4,0.9,2963,1244,786,1738,1399,5142,6541,4607,9593,414,1170,2810,3617,2525,12438,878,862,1104,28487,198,5
201565,30.8,82.7,45.5,18.5,3.4,5.5,0.4,32.2,0.8,3449,216,481,1626,504,1585,2089,4513,9910,496,1612,2030,2454,808,11552,623,507,294,20043,59,1
201566,30.5,79.2,43.7,23.2,7.2,8.4,0.3,34.6,1.7,7712,286,1586,3774,1533,5078,6611,7550,17273,1031,3375,5131,6479,2373,21262,917,900,3076,31743,424,163
201567,37.0,82.8,44.2,18.2,11.1,2.4,0.4,31.9,0.7,1701,322,487,1414,1974,5983,7957,4287,9695,1227,3314,3215,3882,1502,13016,717,634,543,22860,436,3
201568,38.1,87.5,42.7,16.0,4.8,2.0,0.4,30.5,0.8,1290,247,498,838,457,2663,3120,3125,7326,1283,3366,2794,3193,1177,10327,646,545,1040,19702,28,0
201569,36.8,81.2,42.5,16.6,2.5,2.8,0.4,32.6,0.9,1967,240,613,1364,283,1415,1698,3901,9175,1622,4411,2074,2554,1358,11498,692,524,217,22589,2,0
201571,37.9,86.6,41.2,9.7,1.9,4.0,0.0,23.9,0.6,3606,31,546,1353,276,1436,1712,2860,6946,1171,3086,1936,2235,1298,8827,908,326,-1014,21696,28,0
201572,34.0,79.5,49.3,16.5,6.3,1.5,1.8,30.4,0.6,1225,1480,485,1451,1720,3525,5245,5252,10657,605,1782,2641,3324,2215,13750,832,794,57,25268,129,0
201577,29.7,74.7,53.1,8.7,5.0,0.8,1.1,22.2,0.2,725,1000,212,965,2016,2386,4402,3204,6029,51,172,1221,1635,1715,7680,878,594,-205,19528,81,0
201580,18.9,59.4,57.2,7.9,5.1,0.4,1.5,17.2,0.4,310,1117,302,713,1366,2413,3779,2476,4328,10,53,822,1383,1601,5784,734,318,-845,12635,65,1
201586,36.0,75.9,51.4,12.5,7.3,0.8,2.0,28.4,0.4,690,1718,360,1133,1812,4393,6205,4391,8548,570,1585,1218,1604,2353,10570,847,685,2624,24028,164,1
201587,36.0,84.1,43.5,11.4,5.2,3.7,0.6,31.2,1.0,3077,517,798,1487,872,3491,4363,3379,7760,1330,3693,1420,1688,1473,9508,835,752,1198,26055,71,9
201588,38.4,80.4,45.8,11.1,3.1,3.2,0.3,27.7,0.9,2547,218,727,997,472,1987,2459,3147,6875,982,2556,1607,1999,1615,8883,799,463,2148,22111,7,1
201599,8.3,47.4,67.3,9.4,10.6,1.0,1.6,27.5,0.6,893,1457,522,1278,2893,6889,9782,3493,5188,1,12,1658,3496,2393,8645,921,749,1464,25348,323,0
201609,36.2,76.6,46.3,13.9,3.1,4.8,0.2,28.0,1.0,4089,157,828,1930,598,2003,2601,4313,9319,1038,2865,2114,2760,1966,11778,847,521,518,23704,66,2
201933,33.3,69.5,49.6,21.3,8.7,4.4,0.5,34.6,0.9,2837,325,572,1653,1356,4271,5627,5145,10379,451,1356,3026,4357,1832,13767,647,642,2405,22393,265,10
201935,36.3,85.9,44.4,25.2,5.5,6.5,0.5,34.5,1.6,5709,472,1364,3251,687,4094,4781,6505,14646,2441,6720,6571,7652,2299,22022,874,661,3507,30141,249,58
201937,32.5,84.1,39.1,11.1,4.2,7.7,0.1,30.5,1.8,4703,79,1116,1624,396,2147,2543,2191,5604,528,1626,1846,2194,1575,6756,609,573,780,18601,130,7
201939,43.3,90.7,47.6,23.8,4.6,6.6,0.2,34.3,1.7,4870,159,1259,2300,509,2862,3371,6068,12744,2683,6199,2762,3045,1804,17581,739,733,4774,25344,126,7
201942,28.3,83.2,45.9,20.1,4.4,3.7,0.3,34.1,1.0,3205,252,849,1755,636,3107,3743,6176,13446,359,1268,4505,5417,1927,17216,858,846,68,29274,42,1
201949,30.7,69.0,47.6,7.9,3.6,2.1,0.9,20.5,0.8,1405,593,521,955,531,1839,2370,2059,4322,339,1106,764,1107,1480,5221,663,221,-464,13585,16,0
201950,35.6,77.9,45.5,15.9,3.9,6.3,0.5,33.2,1.5,4745,383,1129,2035,658,2297,2955,4701,10334,993,2787,1512,1942,1700,11907,749,673,1106,24834,110,4
201959,22.1,70.8,51.6,9.4,6.2,1.0,1.0,25.0,0.6,826,855,460,952,1890,3213,5103,3205,6215,29,131,1278,1806,2063,7717,820,441,547,20503,105,0
201961,38.1,84.2,41.0,8.1,2.2,1.1,0.1,21.1,0.5,803,59,386,481,224,1318,1542,2108,5136,1108,2905,497,590,834,5821,715,194,-745,15067,1,0
201976,38.3,76.3,41.6,8.9,4.3,3.4,0.5,27.8,1.2,1555,214,531,587,528,1463,1991,1437,3457,743,1939,467,612,1441,4084,460,379,1590,12790,19,0
201980,40.1,80.3,42.3,9.0,3.5,1.6,0.8,25.6,1.0,1166,578,756,756,448,2115,2563,2332,5513,1404,3503,511,636,1294,6579,735,659,3281,18796,5,0
201988,39.0,85.7,43.1,9.0,1.7,2.3,0.1,19.7,0.7,1662,54,471,703,224,967,1191,2305,5344,1179,3022,634,740,938,6423,715,56,1840,14115,2,0
202066,34.7,74.3,40.4,6.5,2.3,1.7,0.3,21.5,0.8,1063,199,519,576,249,1181,1430,1413,3495,611,1763,523,704,1176,3960,613,258,-701,13160,2,0
202083,38.0,82.4,42.2,12.7,3.0,2.1,0.2,31.3,1.0,1738,168,852,1019,419,2053,2472,3616,8566,1710,4503,1640,1990,1777,10582,832,735,886,26045,3,0
202322,32.3,77.9,43.1,19.0,4.3,9.1,0.7,35.6,1.7,5499,421,1009,2299,345,2246,2591,4171,9680,601,1858,2582,3313,1328,11525,605,593,13,21561,259,8
202324,20.6,66.3,53.3,11.0,7.3,1.1,1.2,25.0,0.8,819,903,552,977,1833,3461,5294,3279,6154,36,175,1450,2187,1873,8044,728,485,105,18216,148,0
202329,33.3,74.6,42.0,7.6,6.0,1.2,0.6,25.0,1.0,877,397,676,862,980,3286,4266,1946,4632,542,1629,909,1218,1297,5343,706,445,141,17643,56,0
202330,37.0,82.5,45.3,15.6,4.5,3.5,0.4,31.1,1.0,2392,274,679,1350,518,2548,3066,3670,8105,934,2526,2376,2881,1197,10650,683,521,690,21219,30,0
202331,38.4,84.7,43.6,20.1,6.4,3.5,0.4,33.5,1.7,2382,304,1180,1797,618,3770,4388,4688,10761,1705,4442,2744,3238,1833,13825,688,640,2628,23047,101,3
202334,0.0,58.5,56.6,6.2,6.6,0.8,0.8,19.7,0.5,530,554,343,526,1568,2966,4534,1761,3111,0,4,736,1259,1709,4258,687,103,-896,13520,61,0
202335,37.1,75.4,44.8,6.7,3.9,1.0,0.4,20.8,0.5,719,292,363,447,810,1949,2759,1834,4092,611,1647,401,532,1098,4680,701,101,1083,14604,15,0
202339,33.9,78.8,45.5,14.0,3.9,4.8,0.5,27.9,1.4,3225,314,936,1726,531,2131,2662,3370,7413,762,2245,1958,2485,1372,9460,676,513,942,18879,46,5
202340,36.4,78.0,43.6,11.7,2.9,1.8,0.2,28.1,1.0,1030,117,590,813,360,1331,1691,2738,6278,761,2089,571,732,1284,6808,583,494,7,16390,12,0
202355,30.8,60.4,58.1,13.4,11.4,0.7,2.4,25.9,0.6,296,1033,246,695,1430,3553,4983,2442,4202,8,26,956,1582,1141,5848,438,321,100,11354,238,4
202357,38.8,77.0,46.6,7.9,4.7,1.8,0.4,21.4,0.6,646,155,240,368,419,1313,1732,1099,2358,434,1120,292,379,913,2924,369,160,-100,7884,26,0
202397,31.7,67.7,42.9,7.7,2.5,3.9,0.2,20.2,0.7,2473,154,454,797,226,1340,1566,2064,4814,263,829,468,691,827,4859,629,166,-559,12695,19,0
202681,39.1,87.8,46.9,22.8,3.8,5.7,0.4,33.9,1.3,3205,206,740,1470,445,1673,2118,4703,10021,1213,3105,2152,2451,1261,12771,561,561,1190,19003,55,3
202683,28.5,77.6,54.7,11.6,7.9,0.9,0.5,22.1,0.4,604,334,283,1033,2079,3335,5414,3277,5992,43,151,1391,1792,1518,7988,688,255,-427,15184,207,0
202684,25.7,61.0,51.9,9.4,8.7,1.0,0.7,27.8,0.5,660,460,330,753,2228,3467,5695,2463,4747,9,35,1190,1951,1513,6125,655,460,-859,18183,183,0
202685,34.6,77.9,56.2,12.7,9.1,1.0,1.0,25.5,0.4,594,612,238,936,1637,3818,5455,3017,5373,88,254,1469,1886,1675,7591,599,570,535,15253,219,1
202687,0.0,57.1,52.4,5.2,6.2,0.6,1.3,20.3,0.2,396,904,171,624,1345,2857,4202,1332,2541,0,3,846,1482,1514,3510,680,296,-2009,13821,57,0
202689,36.0,84.0,41.8,19.8,3.8,5.4,0.4,33.7,1.3,3711,270,881,1497,393,2244,2637,4722,11307,1545,4296,2696,3208,1042,13685,690,645,-99,23248,46,2
202691,41.9,84.8,45.9,19.5,3.5,2.3,0.5,33.1,0.9,1416,332,561,1053,273,1857,2130,4512,9822,1798,4290,1173,1384,1313,11995,615,578,3670,20338,4,0
202692,37.0,79.4,42.2,10.5,3.3,1.9,0.2,22.1,0.7,997,102,349,665,321,1426,1747,1895,4490,478,1293,1283,1615,940,5551,531,91,-797,11754,6,0
202693,34.5,77.7,44.7,11.1,5.3,1.6,0.5,25.1,0.8,1101,362,561,1045,835,2756,3591,2910,6503,577,1671,1164,1499,1901,7561,679,366,-386,17022,47,0
202694,37.4,76.3,43.3,12.1,4.6,1.5,0.3,26.9,0.7,955,181,444,760,613,2353,2966,2849,6581,989,2642,1108,1453,1391,7795,644,363,193,17321,24,0
202695,38.3,85.6,49.3,19.2,6.4,2.8,0.6,31.3,1.8,1598,364,1004,904,681,2923,3604,3897,7902,841,2197,2196,2564,971,10831,564,537,3546,17631,84,1
202696,35.3,75.4,49.7,16.7,10.3,2.7,0.9,30.5,0.9,1711,586,559,1115,1692,4963,6655,4647,9341,397,1125,1081,1433,1594,10772,645,584,-1098,19696,357,3
202699,36.7,82.5,47.4,16.2,6.2,2.1,0.5,31.0,0.8,1409,337,494,935,664,3396,4060,4078,8600,881,2400,1678,2033,1323,10715,660,540,-376,20487,83,0
202704,34.4,85.5,42.9,12.6,2.9,4.3,0.1,24.9,0.7,2593,69,416,1128,319,1461,1780,2843,6627,730,2125,1228,1437,1182,7644,607,374,751,15102,31,2
202709,33.1,77.2,44.1,6.9,2.6,2.9,0.2,21.9,0.8,1864,142,504,654,333,1331,1664,1741,3948,326,984,649,841,1014,4457,648,123,355,14159,3,0
202710,32.7,83.6,45.6,17.3,5.2,3.9,0.5,33.1,1.6,2392,291,988,966,942,2273,3215,3442,7552,517,1579,3191,3817,884,10592,614,509,1635,20298,68,11
202711,39.3,86.0,45.5,14.3,3.5,1.5,0.1,28.7,0.6,780,39,279,790,249,1538,1787,2529,5554,987,2513,1215,1413,824,7260,509,392,-39,14586,1,0
202722,40.6,85.0,43.3,8.3,2.8,1.1,0.4,19.3,0.4,342,130,139,191,113,748,861,845,1951,605,1489,283,333,526,2578,309,35,440,5972,1,0
202734,38.8,73.9,45.4,7.9,2.0,1.8,0.2,21.0,0.7,1050,130,394,529,281,924,1205,1915,4217,553,1426,329,445,945,4712,595,191,-442,12523,1,0
202954,32.7,90.9,42.7,5.5,1.7,2.3,0.2,15.9,0.7,334,22,99,133,33,218,251,273,640,66,202,200,220,223,812,147,1,187,2340,0,0
203076,31.7,79.9,51.6,23.9,10.3,2.3,2.4,34.5,1.4,1252,1305,761,1068,1397,4278,5675,4908,9509,270,852,3109,3889,1304,13195,551,546,651,18993,307,1
203078,37.7,81.9,45.5,21.7,4.1,4.0,0.4,34.6,1.2,2367,229,671,1378,496,1879,2375,4611,10130,1331,3534,2156,2634,1302,12709,586,552,256,20286,33,2
203081,37.3,89.3,43.8,24.6,4.2,6.6,0.3,36.4,1.0,4361,204,642,1853,402,2364,2766,5314,12135,1964,5260,3638,4072,1301,16230,660,660,1771,24005,100,1
203082,36.9,83.8,41.9,11.3,2.9,1.2,0.3,25.0,0.9,699,205,517,569,212,1505,1717,2474,5904,1150,3116,671,801,1047,6769,598,178,174,14923,1,0
203083,13.5,46.6,53.8,14.6,13.8,1.4,1.6,30.9,1.4,844,968,875,1256,2959,5667,8626,3843,7146,15,111,1411,3025,1980,9112,625,574,-676,19324,425,0
203084,37.4,79.9,45.0,13.8,5.0,1.8,0.2,31.5,0.7,1151,125,458,786,668,2634,3302,3326,7392,827,2213,1586,1986,1074,9065,657,596,321,20689,33,0
203087,34.4,85.7,44.4,10.5,3.7,1.6,0.4,21.2,0.7,816,187,374,424,272,1613,1885,1970,4434,536,1558,848,989,849,5324,509,136,311,10797,12,0
203090,32.7,61.1,47.8,7.0,3.7,0.9,0.6,22.8,1.0,516,359,527,473,636,1377,2013,1544,3231,332,1014,458,749,1121,3878,551,328,-548,12544,10,0
203095,37.5,80.5,44.9,14.3,2.7,2.6,0.1,28.5,0.9,1457,70,474,917,229,1284,1513,2836,6315,1006,2680,1217,1511,1338,7895,551,407,-656,15708,2,0
203107,37.2,82.8,47.3,7.4,3.0,4.2,0.2,23.2,0.9,1301,50,266,432,275,663,938,857,1813,212,570,381,460,550,2307,310,161,-5,7202,11,1
203109,34.4,77.9,42.0,9.6,4.2,1.6,0.3,24.9,1.0,1023,215,630,569,463,2260,2723,2158,5143,979,2846,976,1253,1305,6271,652,326,1129,16254,21,0
203110,31.7,71.2,43.4,8.8,6.9,5.2,1.0,28.2,1.4,3192,640,845,1299,680,3542,4222,1966,4533,542,1711,940,1320,1718,5414,616,468,3448,17401,119,27
203114,39.6,87.6,46.1,16.6,4.8,3.5,0.2,31.7,1.2,1982,104,693,1120,342,2340,2682,3419,7415,1005,2537,1518,1732,1460,9361,563,488,1376,17823,29,1
203115,34.9,78.3,43.3,11.2,4.2,2.6,0.4,24.9,0.8,1385,226,409,750,403,1869,2272,2238,5169,646,1849,910,1162,858,6032,540,201,78,13472,23,0
203118,36.2,75.6,45.6,6.8,3.2,0.9,0.1,16.6,0.3,477,65,176,353,373,1311,1684,1397,3065,470,1298,372,492,787,3636,532,28,-60,8827,3,0
203121,38.4,83.8,42.0,5.9,1.7,1.4,0.2,19.9,0.4,363,65,119,169,50,394,444,541,1289,341,888,160,191,522,1583,268,28,41,5325,0,0
203145,35.3,72.4,41.5,8.5,3.2,1.8,0.5,20.8,1.0,1080,290,600,851,215,1688,1903,1806,4354,632,1790,825,1139,1204,5069,596,279,-735,12403,2,0
203200,36.4,82.2,39.9,8.4,3.0,1.5,0.4,23.9,1.0,692,197,486,423,186,1238,1424,1403,3512,747,2052,468,569,758,4021,476,205,-712,11373,5,0
203210,37.8,77.3,47.0,8.2,6.1,0.9,0.4,21.6,0.6,364,167,223,443,707,1705,2412,1220,2597,327,864,474,613,1074,3241,397,156,-348,8594,47,0
203382,30.4,79.7,48.8,5.9,4.6,0.8,0.5,16.0,0.2,415,250,113,435,792,1557,2349,1216,2494,104,342,514,645,1145,3050,514,168,418,8215,19,0
203457,22.2,64.8,54.6,7.7,6.2,1.1,1.5,22.2,1.3,449,587,515,546,791,1707,2498,1283,2348,2,9,531,819,1027,3099,403,186,-1149,8934,46,0
203458,33.0,68.5,50.2,7.8,6.0,0.8,1.0,19.3,0.4,429,503,201,611,982,2073,3055,1514,3013,102,309,826,1205,1313,3956,505,199,-1362,9744,70,0
203463,36.2,77.6,41.7,8.9,2.4,1.0,0.2,23.1,0.7,493,90,312,539,206,926,1132,1495,3586,673,1857,523,674,1035,4186,470,261,-593,10876,2,0
203468,39.8,83.0,45.4,18.7,3.3,3.2,0.4,31.0,0.9,1610,192,434,864,300,1371,1671,3605,7948,1109,2789,1098,1323,1084,9417,503,406,859,15605,11,1
203469,23.1,72.9,51.3,8.6,6.0,1.4,0.7,22.9,0.7,640,309,303,477,895,1793,2688,1453,2831,31,134,917,1258,1169,3854,446,272,177,10195,33,0
203471,33.6,82.9,43.6,14.2,2.9,4.6,0.1,26.0,0.8,2479,72,443,1293,225,1334,1559,2875,6599,609,1814,1317,1588,1070,7676,540,221,202,14050,27,0
203476,35.9,79.1,50.0,7.9,6.1,1.4,1.0,21.8,0.8,731,520,444,625,977,2287,3264,1609,3216,139,387,875,1106,1212,4232,538,205,-831,11721,68,0
203482,36.5,77.7,47.3,9.7,4.9,1.9,0.5,21.8,0.7,1035,253,399,765,626,2072,2698,1941,4100,649,1780,792,1019,1518,5323,546,143,930,11888,24,0
203484,35.2,80.0,41.7,11.3,3.1,1.6,0.2,29.0,1.1,943,114,637,582,375,1440,1815,2369,5675,944,2685,922,1153,1070,6604,583,441,87,16893,6,0
203486,5.1,57.0,57.7,8.5,6.4,2.3,0.9,22.0,0.8,1342,530,437,871,1160,2553,3713,1927,3338,2,39,1040,1825,1594,4896,577,302,-391,12716,77,2
203487,25.5,71.0,40.1,10.3,4.4,4.4,0.6,25.3,1.3,1687,211,489,902,373,1321,1694,1474,3675,178,699,848,1194,950,3974,386,212,-842,9783,33,5
203488,36.8,84.7,45.8,6.0,3.2,0.9,0.5,15.7,0.3,356,185,132,243,331,911,1242,844,1842,340,924,294,347,572,2322,389,30,-192,6102,4,0
203490,40.3,79.3,47.9,10.9,5.0,1.5,0.4,26.5,1.1,673,187,499,356,504,1682,2186,1864,3889,590,1464,497,627,810,4815,440,301,419,11664,38,0
203493,38.6,83.0,42.8,7.2,2.3,1.2,0.1,20.7,0.6,398,46,190,201,112,658,770,900,2101,479,1241,186,224,424,2465,342,178,-96,7067,0,0
203496,35.9,81.2,40.6,12.3,5.8,1.5,0.9,30.2,1.7,672,410,732,730,405,2166,2571,1817,4474,1021,2847,776,956,1334,5431,441,393,181,13337,41,0
203497,0.0,62.8,64.1,12.0,11.2,1.4,2.2,29.6,0.7,706,1168,351,846,1703,4115,5818,2302,3593,0,6,1631,2596,1352,6235,521,429,2051,15444,281,0
203500,7.7,55.1,59.1,9.7,7.7,1.2,1.0,26.9,0.9,698,560,508,821,1989,2422,4411,2304,3897,1,13,921,1672,1470,5530,573,509,1646,15417,122,1
203501,35.8,81.4,42.4,13.7,2.7,1.8,0.1,26.8,0.6,956,72,319,564,177,1242,1419,2501,5903,1078,3013,1056,1298,875,7136,519,256,-438,13919,4,0
203503,39.5,84.0,43.1,6.4,2.3,1.2,0.2,22.4,0.4,629,126,242,306,151,1081,1232,1243,2881,670,1697,263,313,750,3419,535,292,-97,11965,3,0
203504,34.8,80.4,41.2,10.2,1.9,3.3,0.1,22.1,0.6,1447,48,251,520,155,678,833,1725,4183,527,1516,496,617,585,4473,439,129,-579,9715,15,0
203506,34.8,79.2,43.8,17.6,4.6,4.0,0.5,33.0,1.6,1782,215,736,1149,267,1813,2080,2907,6633,725,2084,1368,1727,1077,7907,450,390,-12,14857,24,2
203507,28.7,71.8,52.9,20.7,9.1,4.5,1.3,32.6,1.2,2550,749,670,1623,967,4233,5200,4323,8165,360,1253,2843,3960,1716,11849,572,507,1517,18633,248,25
203516,35.7,79.6,45.6,6.6,3.3,0.9,0.3,20.3,0.6,349,110,232,293,379,870,1249,860,1884,300,841,467,587,763,2487,377,129,-208,7652,5,0
203521,36.8,83.8,38.9,5.6,1.8,3.7,0.0,20.4,0.5,1591,20,202,546,161,613,774,863,2217,396,1075,305,364,824,2427,434,92,259,8850,7,0
203524,33.6,80.0,39.3,5.7,3.1,1.5,0.2,21.6,0.7,613,93,285,361,264,999,1263,800,2038,338,1005,388,485,706,2326,410,173,-383,8870,2,0
203526,37.6,79.3,44.6,5.3,1.4,1.9,0.1,14.7,0.6,558,24,180,272,60,355,415,589,1320,185,492,188,237,371,1551,293,63,393,4302,0,0
203552,44.0,85.2,47.3,10.4,2.0,1.9,0.1,23.2,0.7,548,39,208,303,94,489,583,1102,2331,519,1179,312,366,440,3035,292,114,438,6770,2,0
203585,34.1,64.8,41.8,5.9,3.0,1.3,0.2,20.9,0.5,305,42,124,155,202,498,700,521,1245,202,593,125,193,362,1369,234,118,-18,4879,2,0
203648,23.3,44.2,54.6,3.2,1.8,0.8,0.2,8.5,0.4,43,9,21,39,46,57,103,77,141,7,30,19,43,65,180,57,3,-56,482,1,0
203897,38.4,82.6,45.7,18.8,3.8,3.7,0.3,31.2,0.9,1490,115,375,1066,191,1312,1503,2692,5897,800,2081,1294,1567,892,7478,398,311,-1665,12433,10,0
203901,28.5,63.3,45.1,11.1,4.3,6.3,0.3,29.1,1.3,2702,144,546,1006,489,1361,1850,1946,4316,176,617,653,1032,920,4721,426,370,-1105,12409,68,17
203903,34.3,82.8,44.3,15.0,3.2,2.5,0.1,26.9,0.9,1264,69,428,835,426,1189,1615,2868,6472,817,2383,960,1160,820,7513,500,140,-1456,13435,5,0
203914,35.9,80.1,45.4,12.0,2.6,2.1,0.2,29.1,1.2,811,85,477,473,240,768,1008,1742,3839,565,1576,594,742,691,4643,387,325,313,11245,0,0
203915,31.8,79.4,41.0,12.9,2.8,5.0,0.3,25.7,0.7,1587,91,216,565,133,755,888,1324,3228,441,1386,1034,1302,749,4123,320,133,-332,8226,19,0
203918,36.8,83.8,42.3,11.6,2.8,1.8,0.2,26.4,0.7,692,72,283,412,139,918,1057,1616,3823,611,1660,606,723,815,4449,383,253,-147,10123,0,0
203920,17.4,69.4,52.2,4.8,4.5,0.9,0.5,16.5,0.4,174,101,84,95,356,475,831,326,625,4,23,229,330,282,885,186,29,-191,3073,7,0
203924,34.8,70.2,45.7,10.5,3.9,1.2,1.1,25.4,0.6,607,558,301,510,456,1505,1961,1813,3964,472,1355,1124,1601,1138,5222,498,213,-710,12666,12,0
203925,43.8,77.4,48.4,10.9,3.2,1.6,0.2,25.1,0.5,616,74,180,437,215,993,1208,1513,3127,780,1782,336,434,782,4142,379,215,-232,9517,2,0
203926,40.9,82.6,47.3,8.7,2.3,0.9,0.1,20.4,0.2,408,45,92,286,191,875,1066,1496,3165,581,1422,385,466,655,3958,454,30,78,9268,1,0
203932,32.3,69.5,44.8,12.9,6.4,2.5,0.6,28.6,0.8,1071,277,330,631,678,2081,2759,2077,4636,484,1499,888,1278,868,5526,430,341,-452,12297,79,2
203933,35.7,78.0,50.7,15.5,4.1,1.2,0.5,28.8,1.0,397,168,327,341,449,923,1372,2124,4191,247,692,647,830,791,5142,332,236,-1012,9553,14,0
203935,31.9,77.6,37.5,10.1,3.5,4.1,0.4,29.2,1.6,1784,165,673,731,373,1144,1517,1435,3827,639,2001,822,1059,1119,4331,430,209,947,12539,10,1
203937,32.8,71.0,48.7,6.2,4.2,2.1,0.6,20.4,1.0,876,227,398,385,284,1418,1702,999,2053,139,424,392,552,593,2529,410,211,329,8382,12,1
203939,29.1,74.1,56.0,7.5,4.5,1.0,0.4,18.4,0.7,390,183,268,265,580,1239,1819,1108,1979,107,368,691,932,858,3014,403,96,-16,7424,17,0
203944,33.0,73.2,49.0,16.9,9.2,3.1,0.4,30.0,0.7,1317,188,289,1093,882,3001,3883,2663,5438,263,797,1528,2087,1336,7117,422,342,-1416,12677,170,9
203952,34.1,73.1,44.4,19.6,4.4,2.3,0.6,35.5,1.0,1170,322,495,1045,621,1579,2200,3625,8165,635,1864,1912,2617,1083,9797,501,501,-807,17761,13,1
203954,33.0,80.4,48.6,24.7,11.5,3.1,1.7,30.7,0.8,752,417,195,835,572,2180,2752,1965,4043,276,837,1727,2149,783,5933,240,240,1350,7368,163,2
203957,30.5,76.4,40.7,5.7,1.8,2.1,0.2,18.6,0.4,515,44,101,308,91,350,441,509,1252,167,547,204,267,429,1389,245,72,69,4545,1,0
203960,25.0,67.6,46.7,5.1,2.6,0.7,0.4,14.9,0.4,158,99,91,180,135,446,581,442,946,58,232,196,290,408,1138,223,90,-525,3331,0,0
203967,35.9,84.1,44.3,12.1,6.0,2.0,0.2,25.8,0.6,672,78,206,555,520,1500,2020,1452,3278,499,1389,640,761,722,4043,335,201,38,8632,35,0
203991,0.0,52.8,62.8,12.5,10.2,1.0,1.5,26.3,0.7,359,578,259,464,1287,2536,3823,2030,3234,0,2,614,1162,933,4674,375,315,1115,9878,168,1
203992,37.1,81.2,43.3,13.3,3.2,3.4,0.2,27.8,1.0,786,50,224,365,108,635,743,1129,2610,472,1271,336,414,492,3066,231,102,-438,6414,3,0
203994,14.7,66.9,49.2,11.7,8.0,2.0,1.3,23.1,0.9,662,429,285,685,827,1845,2672,1556,3165,10,68,769,1150,1038,3891,333,252,558,7695,91,1
203999,35.0,83.2,53.2,18.0,9.8,5.8,0.7,29.7,1.2,2496,295,496,1102,1119,3059,4178,2983,5612,418,1195,1338,1609,1210,7722,428,387,1590,12726,234,53
204001,35.9,80.5,43.9,18.6,7.8,1.5,2.0,31.1,0.7,398,542,191,463,461,1663,2124,1834,4173,494,1376,925,1149,857,5087,273,272,232,8492,74,0
204020,35.8,77.8,42.7,10.0,3.1,2.3,0.4,24.9,0.8,786,137,283,365,183,852,1035,1218,2854,418,1166,537,690,618,3391,338,77,-183,8420,1,0
204038,37.1,81.6,39.9,8.2,2.5,1.6,0.2,22.0,0.7,718,64,301,261,207,874,1081,1289,3234,633,1708,404,495,695,3615,439,62,-407,9673,1,0
204060,41.5,76.5,45.4,8.6,3.3,3.7,0.2,25.6,1.0,1920,82,504,830,169,1529,1698,1590,3499,925,2227,368,481,971,4473,521,280,1317,13317,15,0
204222,0.0,0.0,0.0,0.0,0.0,0.0,0.0,3.0,0.0,0,0,0,0,0,0,0,0,3,0,2,0,0,0,0,4,0,9,12,0,0
204456,33.0,75.8,49.7,6.5,2.9,4.9,0.2,21.8,1.2,2095,76,533,680,217,1028,1245,1242,2497,95,288,210,277,622,2789,428,77,-580,9325,12,2
1626143,19.0,67.4,53.9,10.7,4.9,0.9,0.8,19.8,0.3,215,192,69,330,367,763,1130,1054,1956,4,21,360,534,486,2472,232,114,-1237,4598,21,0
1626145,33.4,81.1,43.1,5.7,1.6,3.6,0.1,18.2,1.0,1292,30,364,269,82,504,586,793,1842,202,604,257,317,336,2045,357,48,-54,6490,7,0
1626149,8.3,64.8,61.7,13.0,5.2,1.3,0.9,21.5,0.6,476,324,212,425,679,1216,1895,1946,3152,5,60,872,1346,817,4769,366,26,599,7858,40,0
1626153,34.4,79.1,45.1,7.6,3.2,3.1,0.4,21.0,1.1,971,118,341,319,244,759,1003,860,1906,201,585,440,556,363,2361,310,54,308,6496,8,3
1626156,35.9,77.1,42.0,17.6,3.6,5.2,0.3,29.0,1.2,1767,89,386,973,187,1041,1228,2179,5184,806,2246,753,977,631,5917,337,288,-1518,9786,26,1
1626157,39.7,83.4,53.0,22.8,11.7,2.9,1.5,34.3,0.8,1114,567,299,997,1198,3311,4509,3301,6225,573,1445,1607,1928,1277,8782,386,386,217,13259,280,1
1626158,25.6,74.0,59.7,9.2,5.6,1.1,1.1,20.4,0.6,330,334,194,270,573,1175,1748,1192,1997,41,160,475,642,852,2900,314,106,-468,6403,44,0
1626159,32.3,64.3,41.2,8.9,5.3,2.7,0.4,28.0,0.9,686,96,239,396,260,1112,1372,906,2199,195,604,288,448,623,2295,257,105,274,7186,10,0
1626161,18.5,61.4,54.3,9.3,6.1,1.5,0.8,22.9,0.9,579,317,333,364,655,1689,2344,1500,2763,5,27,548,893,906,3553,384,248,-609,8785,49,0
1626162,32.5,76.7,43.2,11.4,4.4,1.0,0.5,24.8,0.9,389,193,362,413,349,1362,1711,1601,3704,491,1511,775,1011,1004,4468,393,144,-622,9753,18,0
1626163,35.0,74.3,42.5,9.5,4.0,1.6,0.4,21.3,0.4,579,131,156,293,268,1148,1416,1200,2822,405,1157,541,728,545,3346,353,49,48,7511,9,0
1626164,35.4,86.9,45.4,22.8,3.7,4.7,0.2,33.6,0.8,1804,97,306,1266,182,1237,1419,3046,6708,757,2141,1930,2222,1169,8779,385,360,-933,12917,31,0
1626166,35.4,80.8,41.5,6.3,2.0,2.7,0.2,16.5,0.7,536,37,132,201,54,331,385,486,1172,173,489,101,125,324,1246,197,28,-223,3244,2,0
1626167,35.3,77.0,48.7,12.7,6.6,1.2,2.2,28.6,0.7,465,858,282,513,544,2008,2552,1854,3804,326,924,867,1126,1118,4901,385,352,381,11020,63,0
1626168,34.1,70.5,43.5,7.3,4.2,1.0,0.3,17.9,0.4,389,124,146,303,286,1288,1574,1023,2353,327,958,344,488,526,2717,374,103,-166,6679,12,0
1626169,29.9,75.6,37.6,6.2,3.1,1.4,0.2,19.6,0.8,491,80,300,386,186,908,1094,802,2135,270,902,301,398,675,2175,352,70,-470,6904,5,0
1626171,37.5,75.2,46.6,10.3,6.0,1.2,0.3,20.5,0.5,426,111,191,375,622,1543,2165,1494,3209,319,851,383,509,658,3690,358,56,-524,7339,47,0
1626172,20.4,61.6,57.3,4.3,3.8,1.1,0.6,14.1,0.5,278,146,122,134,411,567,978,476,831,10,49,157,255,488,1119,260,51,304,3673,1,0
1626174,36.9,72.1,54.5,11.6,5.6,0.8,0.8,18.8,0.5,106,112,70,154,188,585,773,582,1067,107,290,315,437,186,1586,137,38,-9,2575,25,0
1626179,38.1,82.0,40.9,10.9,3.8,2.7,0.2,23.9,0.8,1042,77,316,438,232,1192,1424,1474,3600,656,1724,529,645,520,4133,379,137,-428,9070,7,1
1626181,38.1,82.7,46.6,10.0,2.4,1.4,0.2,20.3,0.8,480,85,270,393,118,744,862,1260,2702,447,1172,545,659,610,3512,352,123,312,7133,0,0
1626184,37.7,80.3,40.9,5.3,1.3,1.9,0.1,15.2,0.4,179,7,42,81,18,107,125,165,403,81,215,102,127,166,513,96,5,-238,1458,0,0
1626188,40.8,79.5,46.1,6.4,1.7,1.6,0.0,14.1,0.3,298,7,52,135,46,268,314,479,1039,180,441,62,78,201,1200,188,29,-167,2652,0,0
1626192,35.8,78.7,44.5,5.1,3.0,1.3,0.3,16.7,0.4,418,97,120,176,223,772,995,623,1400,283,791,129,164,371,1658,327,13,474,5462,1,0
1626195,31.6,67.8,52.9,6.8,5.5,1.1,0.4,14.5,0.4,247,90,93,234,452,832,1284,629,1188,30,95,312,460,372,1600,234,28,-172,3401,24,0
1626196,35.9,83.0,42.7,12.4,3.2,2.9,0.6,30.9,1.1,1009,224,382,515,252,876,1128,1592,3728,562,1567,610,735,870,4356,351,280,250,10833,1,0
1626204,33.7,69.0,53.2,8.3,6.7,1.9,0.5,24.3,1.3,650,179,432,349,706,1593,2299,1181,2220,138,410,354,513,789,2854,344,122,-826,8345,56,0
1626220,38.5,79.2,44.7,5.8,4.6,1.9,0.4,23.7,0.7,516,95,187,242,132,1092,1224,561,1254,280,727,164,207,611,1566,269,129,870,6374,7,0
1626224,35.0,72.3,41.9,9.7,3.5,2.1,0.2,24.9,0.7,506,36,179,284,131,730,861,871,2078,362,1033,282,390,515,2386,246,169,-1148,6128,6,0
1626245,0.0,67.6,57.3,4.4,4.0,0.7,0.2,14.5,0.3,179,50,70,154,377,602,979,427,745,0,12,213,315,351,1067,243,20,-498,3513,6,0
1626246,25.0,76.8,57.2,6.1,4.0,0.5,0.3,9.6,0.2,133,86,53,173,355,664,1019,581,1015,8,32,365,475,295,1535,252,24,208,2426,23,0
1626253,31.1,76.5,37.2,3.0,1.2,0.6,0.3,13.1,0.3,17,10,8,6,8,28,36,32,86,14,45,13,17,49,91,30,1,-30,393,0,0
1627732,15.2,60.2,56.0,16.3,8.2,7.9,0.7,34.3,1.7,2015,190,430,894,498,1606,2104,1697,3032,5,33,768,1276,731,4167,256,256,757,8768,124,32
1627734,31.7,72.1,52.2,13.2,8.4,3.1,0.4,27.0,0.7,1034,150,228,707,704,2139,2843,1752,3354,126,398,829,1149,1013,4459,337,198,318,9099,131,10
1627736,39.2,81.6,44.7,9.9,2.3,1.2,0.1,19.6,0.6,302,32,147,204,100,495,595,944,2110,434,1107,208,255,300,2530,256,68,-66,5020,1,0
1627739,30.6,72.6,42.2,8.3,3.3,4.2,0.4,24.3,1.6,948,101,351,411,90,670,760,771,1827,127,415,215,296,676,1884,227,126,-662,5515,7,0
1627741,40.6,86.4,43.5,16.0,4.2,2.3,0.3,28.6,0.8,846,98,284,622,273,1259,1532,2136,4909,1065,2626,484,560,753,5821,364,242,-570,10414,6,0
1627742,36.7,74.8,46.2,17.5,5.0,3.4,0.6,32.6,0.7,1027,180,213,693,236,1267,1503,1894,4096,387,1055,1038,1387,741,5213,298,259,-614,9701,21,0
1627747,33.7,71.6,43.0,13.1,3.7,3.7,0.3,26.2,1.1,877,60,256,440,175,706,881,1151,2676,311,923,473,661,445,3086,235,106,-339,6148,7,1
1627749,33.4,75.9,45.2,9.6,5.2,3.4,0.3,22.4,1.2,783,59,281,373,215,975,1190,900,1992,100,299,290,382,412,2190,229,158,27,5135,22,2
1627750,36.7,87.6,44.6,16.3,3.6,3.8,0.3,30.0,0.9,1312,108,323,671,268,973,1241,2052,4600,666,1814,807,921,644,5577,342,267,1077,10274,10,0
1627751,50.0,50.6,63.6,5.8,5.3,1.1,1.1,17.6,0.4,356,357,147,272,693,1008,1701,833,1310,1,2,210,415,673,1877,324,73,553,5710,17,0
1627752,36.7,82.1,40.9,11.2,4.2,1.9,0.5,25.8,0.9,554,132,257,511,162,1068,1230,1150,2810,518,1410,437,532,618,3255,290,210,-685,7493,13,0
1627756,36.0,77.9,39.7,7.7,3.7,2.0,0.1,20.4,0.7,419,25,146,198,87,689,776,617,1556,322,895,67,86,367,1623,211,45,-278,4314,6,0
1627759,37.5,69.4,47.2,14.7,4.6,1.7,0.4,27.4,0.9,558,118,294,539,285,1203,1488,1767,3743,507,1351,693,999,802,4734,323,216,551,8839,18,0
1627761,27.4,60.1,45.6,6.0,3.2,1.9,0.4,19.1,1.0,422,87,210,298,127,591,718,542,1188,86,314,155,258,383,1325,221,30,-602,4221,5,0
1627763,39.0,89.0,46.8,14.8,4.0,4.6,0.2,29.7,0.9,1313,58,251,495,217,911,1128,1591,3401,437,1121,600,674,553,4219,285,210,564,8465,15,1
1627774,30.6,73.2,46.2,5.3,1.9,0.6,0.3,14.0,0.4,116,63,88,109,96,279,375,412,892,119,389,112,153,234,1055,198,47,-7,2775,1,0
1627775,30.5,78.5,42.0,3.8,1.6,1.4,0.2,16.9,0.7,270,31,139,123,64,255,319,292,696,92,302,84,107,233,760,199,43,-198,3373,1,0
1627777,39.0,84.2,43.3,4.4,1.7,0.6,0.1,10.8,0.2,120,17,47,89,46,292,338,331,765,195,500,48,57,208,905,204,1,59,2208,0,0
1627783,32.7,77.9,48.9,13.7,5.8,2.6,0.7,27.2,0.8,814,217,264,483,403,1421,1824,1653,3377,288,881,728,935,812,4322,315,221,1331,8573,40,1
1627788,37.2,76.1,41.1,7.8,2.1,1.0,0.2,17.7,0.6,174,26,100,118,46,315,361,455,1106,254,682,159,209,213,1323,170,24,155,3011,0,0
1627789,33.8,82.4,39.3,6.3,2.1,0.9,0.1,16.6,0.4,234,35,108,203,98,446,544,542,1379,260,770,276,335,506,1620,259,42,-352,4305,1,0
1627814,36.0,86.0,42.7,8.7,3.6,1.7,0.1,21.6,0.8,238,13,110,113,67,451,518,433,1013,191,531,185,215,236,1242,142,48,-174,3065,3,0
1627823,35.4,71.3,42.9,5.5,3.5,0.6,0.2,16.2,0.4,152,50,94,123,195,633,828,437,1019,198,559,206,289,272,1278,234,57,-157,3800,9,0
1627826,0.0,77.1,57.9,7.6,5.9,1.0,0.8,17.0,0.3,254,209,73,241,534,1013,1547,800,1382,0,9,391,507,542,1991,261,128,225,4428,33,0
1627827,33.5,73.4,42.8,7.1,4.4,1.2,0.4,25.2,0.7,355,116,207,232,414,859,1273,751,1753,326,974,229,312,622,2057,289,177,119,7297,9,0
1627832,38.7,85.4,40.7,12.0,2.9,4.4,0.3,25.9,1.2,1209,92,317,377,96,685,781,1119,2749,523,1353,519,608,513,3280,274,125,1039,7085,12,0
1627846,36.0,72.5,43.2,4.7,1.9,0.5,0.3,13.0,0.4,103,51,68,122,48,301,349,321,743,121,336,129,178,225,892,188,8,-319,2437,0,0
1627853,36.7,82.1,42.7,4.9,2.1,2.3,0.0,18.3,0.6,441,7,112,120,51,349,400,327,765,160,436,133,162,320,947,192,36,-364,3523,0,0
1627854,40.8,79.6,43.5,9.0,1.8,1.3,0.0,21.3,0.4,414,6,119,211,52,505,557,1002,2306,528,1293,223,280,446,2755,307,161,-137,6552,1,0
1627863,36.8,77.1,43.3,9.4,3.9,1.3,0.4,26.5,0.7,208,65,114,129,113,489,602,501,1156,267,725,192,249,293,1461,155,87,121,4103,2,0
1627884,29.8,68.3,50.6,7.0,3.6,0.7,0.7,20.7,0.7,158,153,155,120,293,480,773,561,1108,110,369,263,385,446,1495,214,86,-81,4438,0,0
1627936,36.6,72.8,42.0,5.6,2.3,2.2,0.3,18.5,1.0,368,46,161,178,74,297,371,322,766,109,298,171,235,271,924,164,13,404,3033,3,0
1628021,32.3,66.6,49.1,7.3,3.7,1.1,0.4,20.8,0.8,211,86,149,142,195,520,715,518,1055,72,223,281,422,392,1389,191,46,-299,3974,4,0
1628035,31.5,62.4,47.1,4.0,2.6,0.3,0.2,11.7,0.3,48,24,44,61,128,267,395,239,507,67,213,58,93,228,603,152,6,-119,1780,2,0
1628365,26.5,69.5,44.7,10.9,3.3,4.6,0.2,25.6,1.1,524,22,127,207,83,293,376,510,1142,44,166,164,236,234,1228,113,83,-77,2891,6,2
1628366,35.2,53.8,39.7,11.4,5.8,6.4,0.6,32.2,1.5,1280,121,295,508,216,936,1152,861,2168,427,1214,128,238,436,2277,200,187,20,6432,31,6
1628367,29.1,66.9,41.6,12.0,4.3,1.9,0.6,24.3,1.0,424,133,210,438,211,725,936,996,2392,199,683,456,682,588,2647,220,71,-1017,5355,8,0
1628368,32.9,71.5,45.9,17.8,3.4,6.3,0.4,31.1,1.4,1595,113,340,703,137,722,859,1647,3588,273,831,914,1278,652,4481,252,238,-581,7839,38,1
1628369,39.6,83.5,45.5,18.6,6.1,2.5,0.7,32.4,1.2,679,191,317,493,216,1412,1628,1805,3964,526,1329,827,990,555,4963,267,267,1301,8662,28,0
1628370,33.8,84.3,40.7,9.2,2.0,1.7,0.2,17.8,0.4,379,48,97,257,62,380,442,736,1810,317,937,257,305,278,2046,222,1,-400,3953,1,0
1628371,33.0,79.7,43.5,9.3,5.4,1.1,1.5,25.8,1.1,146,206,145,151,173,568,741,473,1088,134,406,189,237,274,1269,136,106,-79,3511,8,0
1628372,31.6,65.1,40.0,11.9,3.1,4.4,0.3,25.4,1.1,774,60,186,429,114,429,543,805,2013,206,652,272,418,376,2088,175,129,-678,4444,9,3
1628373,32.3,76.3,36.6,5.8,2.1,2.9,0.2,20.7,0.8,556,49,163,268,76,332,408,431,1179,144,446,129,169,460,1135,195,55,-421,4045,2,0
1628374,36.0,84.7,43.6,16.3,7.4,1.3,0.6,30.4,0.7,253,107,131,282,234,1212,1446,1127,2583,444,1232,492,581,367,3190,196,194,-751,5966,39,0
1628378,36.4,82.7,43.9,23.2,4.1,4.3,0.3,33.7,1.3,1149,85,339,748,208,906,1114,2245,5116,699,1920,1042,1260,690,6231,269,261,1068,9078,4,0
1628379,41.7,86.1,44.9,9.5,2.8,2.1,0.2,22.6,0.5,428,37,96,201,53,521,574,719,1602,332,796,199,231,309,1969,207,53,184,4670,1,0
1628380,32.4,72.2,44.4,5.7,4.0,0.9,0.7,17.5,0.3,139,102,47,149,179,435,614,336,757,82,253,127,176,343,881,154,12,41,2691,0,0
1628381,37.3,77.4,56.5,16.6,8.6,1.5,1.0,28.7,0.6,344,234,125,357,609,1308,1917,1465,2592,190,510,585,756,704,3705,223,173,-343,6398,79,0
1628382,32.1,79.8,42.9,6.6,2.5,1.1,0.2,19.1,0.4,271,39,89,113,112,510,622,618,1441,223,694,158,198,279,1617,245,61,-311,4679,0,0
1628383,25.0,66.7,40.4,3.9,2.7,0.9,0.6,13.4,0.7,19,14,15,6,17,43,60,36,89,10,40,4,6,44,86,22,6,-97,295,0,0
1628384,37.4,67.7,48.0,8.7,3.9,1.1,0.4,24.6,1.0,266,105,245,233,228,699,927,792,1650,300,803,201,297,522,2085,240,166,572,5906,8,0
1628385,17.6,69.0,51.4,6.2,4.1,1.3,0.4,13.8,0.4,166,50,58,134,136,387,523,341,664,3,17,109,158,314,794,128,17,-312,1760,2,0
1628386,20.5,69.6,61.4,10.6,8.1,1.3,1.4,25.0,0.5,343,374,131,327,685,1482,2167,1080,1760,16,78,634,911,563,2810,266,201,-301,6650,77,0
1628389,16.3,73.8,55.5,11.9,8.0,3.3,0.9,26.9,0.8,877,249,222,505,561,1554,2115,1197,2155,7,43,761,1031,617,3162,265,161,269,7116,81,4
1628391,33.5,58.7,41.4,4.1,3.0,0.7,0.3,12.0,0.2,88,35,26,66,68,306,374,196,474,83,248,44,75,153,519,126,4,-73,1512,2,0
1628392,21.4,65.0,54.6,3.3,2.9,0.7,0.6,9.6,0.3,55,45,27,51,92,144,236,107,196,3,14,52,80,161,269,82,3,95,785,2,0
1628396,60.0,67.2,64.4,4.7,4.4,0.5,0.5,11.4,0.2,44,49,23,44,167,242,409,192,298,3,5,45,67,153,432,92,11,60,1047,4,0
1628398,33.6,72.5,44.7,15.4,5.7,1.9,0.4,29.6,0.6,477,110,140,442,288,1172,1460,1483,3315,466,1388,485,669,538,3917,255,131,55,7537,35,0
1628400,35.4,69.7,39.5,3.5,2.1,0.5,0.0,14.8,0.3,110,13,63,79,112,397,509,283,716,165,466,99,142,258,830,238,18,-110,3520,0,0
1628401,35.6,82.0,45.5,10.2,3.2,3.4,0.8,23.9,0.8,582,130,130,220,79,475,554,622,1368,178,500,341,416,363,1763,173,92,227,4130,0,0
1628402,33.2,75.4,42.1,7.1,1.8,1.0,0.0,16.0,0.3,143,6,47,113,53,194,247,365,868,120,361,126,167,189,976,138,22,-184,2206,0,0
1628404,34.9,72.6,43.3,8.7,5.4,1.6,0.4,25.9,0.9,385,91,212,225,190,1106,1296,737,1704,353,1012,270,372,521,2097,241,64,-187,6233,28,0
1628407,33.9,77.4,40.2,6.6,2.5,1.1,0.1,18.4,0.4,193,12,76,110,41,411,452,458,1138,115,339,171,221,246,1202,182,59,-326,3342,0,0
1628408,35.0,66.2,41.8,6.1,2.8,1.7,0.3,16.1,0.5,120,22,32,54,39,153,192,159,380,49,140,51,77,107,418,69,0,29,1114,1,0
1628410,31.3,67.8,44.0,4.6,1.4,0.9,0.2,12.1,0.5,83,17,43,57,32,87,119,150,341,41,131,61,90,113,402,88,10,-101,1068,0,0
1628411,30.0,79.7,41.1,4.5,2.4,1.0,0.2,17.0,0.5,200,50,95,106,103,394,497,320,778,69,230,208,261,310,917,206,49,-105,3499,0,0
1628415,34.8,79.3,41.5,13.5,3.0,1.9,0.3,28.0,0.9,403,64,201,347,162,491,653,1079,2600,332,953,402,507,707,2892,215,189,-240,6018,0,0
1628418,36.2,74.8,60.0,10.7,6.0,1.4,0.9,20.9,0.4,196,126,55,126,232,631,863,619,1032,80,221,214,286,266,1532,143,99,-292,2986,26,0
1628420,38.7,80.9,47.7,9.8,2.1,3.5,0.2,23.8,0.8,682,31,157,131,66,345,411,754,1580,199,514,190,235,212,1897,194,28,375,4612,1,0
1628422,34.7,71.5,41.5,7.6,2.5,1.5,0.1,19.9,0.5,297,20,107,137,58,449,507,569,1370,239,688,133,186,244,1510,200,48,-583,3971,3,0
1628425,36.5,80.0,42.1,5.8,3.4,1.1,0.2,17.6,0.6,225,40,121,149,123,595,718,450,1068,207,567,104,130,311,1211,209,24,-97,3673,3,0
1628427,25.0,90.0,41.7,1.4,1.0,0.3,0.1,4.9,0.2,11,3,9,12,10,29,39,20,48,6,24,9,10,20,55,39,0,-55,193,0,0
1628436,33.7,75.6,40.1,6.1,2.6,1.0,0.8,15.3,0.4,119,93,46,54,66,243,309,256,638,139,412,68,90,126,719,118,33,-149,1805,2,0
1628449,36.6,77.9,49.8,8.2,4.6,0.5,1.3,15.1,0.4,75,178,51,69,212,424,636,401,805,122,333,219,281,273,1143,139,3,132,2093,14,0
1628464,34.2,73.9,55.4,7.2,4.8,1.3,0.9,18.8,0.5,307,221,114,186,374,778,1152,677,1223,109,319,252,341,659,1715,238,106,381,4478,13,0
1628467,36.9,81.6,46.1,7.2,4.5,1.0,0.9,22.1,0.4,255,235,103,161,304,833,1137,646,1400,299,810,213,261,513,1804,251,102,116,5539,6,0
1628470,32.4,65.3,45.0,5.1,3.3,0.9,0.5,17.9,0.4,168,106,85,97,216,435,651,384,854,136,420,96,147,411,1000,197,69,-242,3519,4,0
1628539,36.6,65.5,40.8,4.9,1.2,0.5,0.2,13.0,0.2,24,9,10,13,4,52,56,75,184,56,153,19,29,47,225,46,5,55,596,0,0
1628778,42.9,69.2,43.2,3.0,1.5,0.6,0.1,9.4,0.3,19,3,9,9,5,47,52,35,81,24,56,9,13,36,103,34,0,19,321,0,0
1628960,38.5,83.3,42.5,7.9,2.0,1.3,0.1,17.7,0.4,144,13,49,96,23,189,212,286,673,154,400,130,156,142,856,108,22,-227,1910,0,0
1628961,0.0,50.0,45.5,1.1,1.0,0.1,0.2,4.2,0.3,2,3,4,8,4,10,14,5,11,0,0,5,10,5,15,14,0,18,59,0,0
1628962,0.0,66.7,57.1,1.0,1.1,0.0,0.3,4.1,0.1,0,4,1,3,4,9,13,4,7,0,0,4,6,8,12,12,0,-62,49,0,0
1628963,31.8,66.4,49.9,14.5,7.5,1.0,0.8,25.5,0.5,107,90,57,165,282,561,843,643,1289,68,214,267,402,253,1621,112,47,-308,2852,32,0
1628964,32.3,62.0,46.9,5.7,4.8,0.7,1.3,14.4,0.3,91,174,39,95,194,446,640,304,648,71,220,80,129,255,759,134,1,-252,1926,3,0
1628966,30.6,69.9,41.9,5.3,2.6,0.6,0.4,15.2,0.5,54,39,43,32,46,184,230,171,408,52,170,79,113,77,473,90,3,-263,1365,0,0
1628968,0.0,100.0,33.3,1.0,0.9,0.0,0.1,4.3,0.0,0,1,0,1,1,7,8,4,12,0,2,1,1,4,9,9,1,4,39,0,0
1628969,36.2,82.5,48.4,9.8,3.9,2.0,0.6,29.6,1.4,412,124,274,183,180,604,784,720,1487,256,707,274,332,435,1970,202,135,-66,5989,2,0
1628970,33.7,81.1,45.2,9.9,5.0,1.6,0.7,25.7,0.6,300,129,123,216,214,733,947,725,1604,220,652,215,265,346,1885,191,91,-503,4911,12,0
1628971,29.3,74.7,45.6,6.8,3.7,2.2,0.4,22.9,0.8,388,77,135,182,177,481,658,472,1036,67,229,192,257,435,1203,176,127,-153,4025,5,0
1628972,33.2,75.0,42.8,7.4,4.1,1.9,0.1,19.6,0.8,280,16,112,126,123,469,592,410,958,99,298,153,204,222,1072,145,32,-256,2845,6,0
1628973,36.5,77.4,48.6,9.8,2.6,3.2,0.0,21.3,0.5,558,8,82,211,60,391,451,644,1324,156,427,233,301,269,1677,172,64,143,3670,6,0
1628975,37.5,83.6,36.8,4.2,1.7,1.5,0.3,14.1,0.6,192,35,86,71,48,177,225,193,524,117,312,51,61,176,554,132,5,-110,1856,0,0
1628976,24.7,75.3,51.2,10.8,8.1,1.7,1.0,26.4,0.6,201,121,78,189,300,676,976,498,973,21,85,289,384,413,1306,121,112,-413,3195,31,0
1628977,27.6,63.2,46.8,7.1,3.4,1.0,0.3,17.1,0.7,136,34,91,127,121,327,448,365,780,35,127,168,266,267,933,132,11,-143,2254,8,0
1628978,34.6,71.9,43.6,8.9,4.5,2.3,0.2,22.9,1.1,323,35,152,172,140,492,632,465,1067,196,566,105,146,223,1231,139,70,810,3190,4,0
1628981,12.8,58.2,50.7,3.5,3.3,0.7,0.2,11.2,0.2,58,20,20,57,80,182,262,115,227,5,39,39,67,125,274,79,13,-120,881,1,0
1628983,37.3,80.5,48.2,16.3,4.3,3.8,0.6,30.9,1.1,709,115,202,381,123,687,810,1106,2296,209,560,629,781,362,3050,187,178,-153,5781,13,1
1628984,36.3,81.2,37.5,12.9,2.6,5.4,0.1,27.4,0.8,778,19,118,265,67,303,370,600,1598,362,996,303,373,214,1865,145,86,-185,3975,20,0
1628988,36.1,81.9,40.0,7.6,1.7,2.4,0.2,18.9,0.6,385,34,103,161,35,242,277,446,1116,170,471,149,182,260,1211,160,39,182,3024,4,0
1628989,37.8,79.5,41.6,11.0,3.6,3.3,0.4,29.6,1.0,592,63,173,255,126,510,636,731,1759,362,957,132,166,405,1956,178,140,-394,5270,6,0
1628990,29.9,61.2,45.3,6.0,4.0,0.8,0.2,18.9,0.6,66,13,51,62,52,271,323,190,419,29,97,74,121,119,483,81,24,-241,1530,1,0
1628991,38.4,75.7,48.5,15.5,4.6,1.2,1.5,27.3,0.8,142,174,92,197,128,406,534,651,1342,196,510,290,383,452,1788,115,113,-207,3136,5,0
1628993,36.4,63.2,45.0,2.2,2.6,0.3,0.2,6.7,0.2,11,5,6,8,25,57,82,27,60,4,11,12,19,20,70,32,1,22,215,2,0
1628995,34.4,70.3,36.9,8.9,3.3,0.9,0.3,21.8,0.4,160,58,75,175,98,474,572,533,1445,221,643,241,343,316,1528,172,61,-871,3752,3,0
1628997,39.4,67.2,41.7,5.5,2.3,1.1,0.3,15.2,0.8,56,14,38,36,30,83,113,98,235,41,104,39,58,64,276,50,2,-73,762,0,0
1628998,24.3,65.2,45.0,4.5,3.0,1.7,0.2,16.8,0.7,143,15,58,66,68,179,247,143,318,27,111,58,89,109,371,82,5,-54,1376,0,0
1629001,34.3,76.6,41.9,7.2,3.2,2.9,0.4,19.6,1.3,421,59,185,201,89,370,459,382,912,124,362,141,184,277,1029,143,40,61,2808,1,0
1629002,27.3,75.0,47.7,2.8,1.7,0.5,0.3,6.2,0.2,34,17,12,35,33,73,106,71,149,3,11,30,40,43,175,63,0,-9,388,0,0
1629003,36.3,82.8,45.4,10.1,2.1,2.4,0.3,20.5,0.5,241,26,53,122,46,166,212,363,799,110,303,164,198,209,1000,99,26,107,2030,0,0
1629004,36.9,76.9,39.3,6.8,1.7,1.5,0.1,17.7,0.6,211,13,88,133,40,197,237,327,833,215,582,93,121,147,962,141,34,-52,2496,0,0
1629006,26.7,77.2,39.6,7.4,3.4,1.4,0.4,23.4,1.1,233,74,189,176,161,417,578,421,1063,116,435,318,412,380,1276,172,101,-345,4017,1,0
1629007,50.0,0.0,50.0,2.5,3.5,0.5,0.0,4.5,1.0,1,0,2,2,2,5,7,2,4,1,2,0,0,1,5,2,0,9,9,0,0
1629008,43.8,77.9,52.2,12.2,5.8,0.9,0.6,21.8,0.6,84,59,52,89,127,410,537,428,820,155,354,113,145,177,1124,92,38,217,2006,19,0
1629010,31.1,72.1,36.5,4.6,1.8,1.2,0.2,14.2,0.5,130,25,51,80,20,187,207,187,512,78,251,62,86,188,514,112,11,-149,1595,0,0
1629011,0.0,56.8,70.5,8.4,7.0,0.6,2.1,22.9,0.9,90,325,139,98,476,627,1103,570,808,0,0,191,336,497,1331,158,55,-327,3624,24,0
1629012,38.8,83.1,45.7,19.7,3.0,3.2,0.1,33.1,0.8,603,17,155,452,149,405,554,1385,3033,283,730,624,751,437,3677,187,177,-1280,6186,3,0
1629013,39.6,83.0,41.4,8.9,1.8,1.5,0.2,23.6,0.4,259,25,76,114,35,269,304,497,1201,349,882,176,212,347,1519,171,58,170,4038,0,0
1629014,37.0,78.4,40.5,7.5,2.0,1.3,0.1,17.4,0.3,170,15,35,103,36,225,261,350,865,164,443,109,139,213,973,130,5,-410,2258,1,0
1629018,39.9,76.3,42.2,10.4,1.8,1.1,0.2,23.5,0.8,129,24,91,57,48,167,215,453,1073,248,622,100,131,166,1254,121,36,-87,2838,0,0
1629020,16.7,59.3,58.9,3.8,3.8,0.9,0.4,12.5,0.7,63,32,52,59,80,190,270,112,190,1,6,51,86,102,276,72,25,-141,900,3,0
1629021,30.0,80.7,49.3,6.7,3.3,1.0,0.3,14.5,0.5,116,40,61,131,89,300,389,281,570,61,203,163,202,277,786,117,24,-186,1693,2,0
1629022,37.5,75.2,42.1,7.5,2.3,1.2,0.3,18.0,0.5,138,30,58,86,32,227,259,332,789,109,291,88,117,158,861,115,42,-215,2073,0,0
1629023,37.7,70.4,44.9,12.0,5.9,2.4,1.0,30.1,0.9,239,97,92,187,121,473,594,445,991,143,379,171,243,275,1204,100,99,-164,3008,11,0
1629026,33.6,51.2,44.7,5.7,4.5,1.7,0.4,21.6,0.8,229,50,104,105,164,433,597,302,675,109,324,42,82,270,755,132,54,-106,2851,1,0
1629027,34.7,85.5,42.9,24.0,4.0,8.8,0.2,33.2,1.0,1641,34,176,788,128,608,736,1414,3299,469,1351,1174,1373,331,4471,186,186,-416,6171,78,3
1629028,20.6,75.3,57.9,16.3,10.7,1.7,1.1,31.1,0.7,266,177,105,285,526,1150,1676,1114,1923,7,34,302,401,468,2537,156,149,-107,4855,86,0
1629029,33.5,73.9,45.6,25.6,8.4,7.7,0.4,33.3,1.0,1332,64,180,684,195,1274,1469,1501,3290,464,1387,996,1348,378,4462,174,174,249,5800,82,34
1629033,20.3,89.5,30.1,3.2,1.4,1.2,0.1,9.4,0.4,78,4,23,52,14,78,92,71,236,27,133,34,38,53,203,64,0,-64,604,0,0
1629035,32.2,71.4,38.5,3.9,1.2,0.6,0.1,9.7,0.3,33,5,17,18,8,58,66,79,205,37,115,20,28,54,215,55,1,-71,531,0,0
1629048,20.8,71.2,47.7,3.6,2.1,0.4,0.8,9.0,0.2,32,65,15,38,53,119,172,116,243,15,72,42,59,111,289,81,2,-26,729,1,0
1629056,37.6,86.6,44.2,7.4,2.8,1.4,0.2,16.1,0.6,157,21,60,108,59,251,310,295,667,142,378,71,82,177,803,109,8,205,1759,1,0
1629057,0.0,63.9,71.6,5.3,4.7,1.0,1.5,13.8,0.6,96,149,66,71,167,311,478,235,328,0,1,69,108,165,539,101,6,-56,1392,4,0
1629060,31.4,80.5,47.3,13.9,6.0,1.7,0.1,30.8,0.8,149,11,66,101,111,414,525,467,988,60,191,214,266,188,1208,87,87,-373,2683,6,0
1629066,32.3,73.5,44.2,6.1,3.2,0.9,0.3,16.4,0.6,109,34,72,132,83,314,397,287,650,94,291,97,132,244,765,126,55,-40,2068,2,0
1629067,31.6,76.4,44.8,3.5,2.6,0.9,0.3,14.7,0.5,108,33,61,79,97,207,304,146,326,36,114,81,106,215,409,117,56,-55,1715,0,0
1629076,0.0,66.7,61.3,2.0,1.6,0.3,0.0,6.4,0.2,6,0,5,8,14,25,39,19,31,0,0,10,15,17,48,24,0,-27,153,0,0
1629103,25.7,97.0,38.6,4.8,2.4,0.5,0.2,12.2,0.2,24,10,10,24,13,95,108,78,202,27,105,32,33,56,215,45,4,-18,549,0,0
1629109,31.1,88.9,34.7,3.3,2.6,0.5,0.4,14.4,0.3,65,55,38,34,94,244,338,144,415,111,357,24,27,127,423,128,18,-128,1843,0,0
1629117,28.6,66.7,40.4,1.8,1.6,0.3,0.2,7.1,0.3,10,7,11,19,23,36,59,21,52,6,21,16,24,40,64,36,1,-47,254,0,0
1629130,42.2,88.0,45.1,12.1,3.2,1.4,0.2,28.7,0.5,191,29,66,132,16,419,435,545,1209,443,1050,117,133,325,1650,136,117,335,3897,2,0
1629134,35.8,86.7,44.5,14.6,2.8,3.0,0.2,29.0,0.9,320,24,95,172,37,262,299,599,1347,214,598,124,143,221,1536,105,93,27,3049,0,0
1629139,30.0,67.9,34.2,2.3,2.2,0.4,0.3,9.7,0.3,26,16,20,16,34,103,137,53,155,18,60,19,28,47,143,62,1,26,602,0,0
1629162,36.2,68.6,42.9,6.3,1.9,4.3,0.2,19.6,1.1,252,9,64,62,21,91,112,143,333,46,127,35,51,60,367,58,2,-180,1136,2,0
1629164,29.3,83.1,37.2,4.3,1.3,1.4,0.0,10.1,0.3,110,4,23,48,17,87,104,123,331,44,150,54,65,73,344,80,1,-150,805,0,0
1629185,36.7,83.3,37.0,4.1,1.4,2.6,0.2,11.7,0.6,134,9,28,44,13,60,73,78,211,40,109,15,18,50,211,51,2,72,598,2,0
1629216,27.3,87.0,34.5,5.0,1.0,1.3,0.0,13.7,0.5,55,2,21,28,7,37,44,76,220,39,143,20,23,62,211,42,6,-69,576,0,0
1629234,100.0,75.0,56.5,3.8,2.9,0.6,0.7,10.3,0.2,46,50,13,52,54,161,215,108,191,2,2,63,84,87,281,73,3,-158,749,0,0
1629244,41.2,88.9,42.5,4.4,1.4,0.6,0.1,12.0,0.3,13,2,6,5,4,27,31,34,80,21,51,8,9,26,97,22,0,-30,265,0,0
1629308,40.8,69.6,52.2,5.1,4.0,2.2,0.4,19.2,0.8,97,20,34,48,27,152,179,93,178,29,71,16,23,93,231,45,20,-74,864,0,0
1629346,23.5,76.2,46.8,3.6,1.5,0.7,0.2,8.6,0.2,13,4,3,11,10,17,27,22,47,4,17,16,21,19,64,18,1,-22,154,0,0
1629599,40.3,53.6,46.0,3.1,0.9,0.6,0.0,8.6,0.2,29,2,12,19,10,33,43,57,124,25,62,15,28,33,154,49,1,-31,419,0,0
1629603,25.0,0.0,44.4,2.8,2.5,0.7,0.7,9.2,0.0,4,4,0,1,5,10,15,8,18,1,4,0,0,7,17,6,0,17,55,0,0
1629604,23.8,66.7,41.2,2.6,1.1,0.2,0.2,7.8,0.3,3,3,4,3,5,11,16,14,34,5,21,6,9,18,39,15,0,-18,117,0,0
1629605,0.0,28.6,75.0,3.1,2.4,0.2,0.7,6.0,0.0,3,14,1,5,10,35,45,27,36,0,0,4,14,20,58,19,0,44,114,0,0
1629607,0.0,100.0,20.0,0.7,0.0,0.0,0.0,2.5,0.0,0,0,0,2,0,0,0,1,5,0,2,2,2,0,4,6,0,-14,15,0,0
1629610,30.4,84.6,45.4,3.8,1.5,0.4,0.2,12.3,0.4,12,5,11,9,11,34,45,44,97,14,46,11,13,42,113,30,2,24,369,0,0
1629611,37.5,74.7,48.1,4.4,2.7,1.4,0.2,13.6,0.3,120,15,30,46,50,181,231,143,297,27,72,68,91,130,381,87,10,9,1182,3,0
1629617,25.0,72.7,41.7,4.1,3.9,0.9,0.3,11.7,0.3,13,5,4,12,19,40,59,25,60,4,16,8,11,29,62,15,0,-22,175,1,0
1629622,35.4,70.6,47.2,6.3,1.0,0.5,0.0,13.0,0.2,12,0,5,4,4,22,26,59,125,35,99,12,17,29,165,26,0,-25,337,0,0
1629626,48.1,70.6,51.6,3.4,1.3,0.4,0.4,7.1,0.2,12,12,4,19,5,30,35,33,64,13,27,12,17,22,91,27,2,-60,193,0,0
1629627,37.8,68.6,61.0,25.0,6.8,3.0,0.6,31.0,0.8,205,39,57,172,179,282,461,654,1072,14,37,378,551,143,1700,68,68,114,2111,13,0
1629628,33.1,66.4,42.3,15.8,5.5,2.8,0.3,32.2,0.9,293,29,90,222,104,466,570,610,1443,121,366,301,453,247,1642,104,103,-289,3345,6,0
1629629,30.9,80.8,37.8,10.7,3.8,1.5,0.4,27.4,1.1,122,37,95,130,57,263,320,309,817,116,376,168,208,200,902,84,55,-283,2301,0,0
1629630,29.6,77.1,46.4,18.4,3.7,7.3,0.2,31.2,0.9,764,25,92,328,85,298,383,706,1521,92,311,411,533,167,1915,104,104,-12,3246,24,3
1629631,35.5,79.9,43.3,13.2,4.7,1.9,0.3,31.8,0.8,154,28,62,130,60,328,388,392,906,139,391,175,219,235,1098,83,80,-194,2642,4,0
1629632,35.3,83.3,40.0,14.0,4.0,3.5,0.1,28.1,0.7,379,13,72,208,49,382,431,555,1386,232,658,179,215,226,1521,109,37,-246,3061,4,0
1629633,28.4,49.7,40.4,8.3,3.5,1.4,0.5,22.0,0.8,127,46,71,105,102,206,308,290,718,75,264,79,159,173,734,88,42,-213,1932,1,0
1629634,34.4,72.4,57.8,11.9,5.8,1.5,0.8,23.8,0.8,147,81,75,77,151,413,564,486,841,42,122,139,192,159,1153,97,20,-42,2310,5,0
1629635,26.8,69.7,37.0,5.0,2.6,0.5,0.1,16.1,0.4,42,10,35,61,38,163,201,145,392,45,168,53,76,135,388,78,21,-293,1257,2,0
1629636,37.1,85.3,41.8,14.0,2.1,4.6,0.1,31.8,0.9,446,7,85,265,45,154,199,524,1254,172,464,139,163,178,1359,97,94,-540,3086,4,0
1629637,25.0,67.2,68.7,6.7,3.8,0.8,0.7,15.7,0.4,74,71,37,75,134,242,376,246,358,1,4,162,241,222,655,98,15,-27,1534,3,0
1629638,34.5,72.5,39.7,7.5,2.3,1.9,0.3,15.9,0.6,164,25,53,103,19,179,198,238,600,105,304,58,80,128,639,85,9,-81,1352,0,0
1629639,36.3,84.7,42.2,14.3,4.5,2.7,0.2,29.2,0.6,251,23,58,166,35,382,417,483,1144,186,513,166,196,125,1318,92,22,-91,2690,4,0
1629640,37.3,77.6,49.3,12.0,5.5,1.6,0.4,25.6,0.6,94,24,38,61,75,248,323,264,536,50,134,132,170,120,710,59,41,-76,1512,7,0
1629641,18.5,72.0,35.0,2.5,1.3,0.4,0.2,11.5,0.2,13,8,8,11,15,26,41,28,80,5,27,18,25,33,79,32,2,67,369,0,0
1629642,30.8,73.4,43.8,4.2,2.4,0.5,0.3,12.7,0.2,35,25,17,27,52,130,182,113,258,36,117,58,79,104,320,77,7,-96,976,1,0
1629643,41.0,70.0,43.3,6.1,3.7,1.9,0.4,22.6,0.8,60,11,26,24,27,87,114,71,164,34,83,14,20,32,190,31,5,-33,702,0,0
1629644,28.9,37.5,42.3,2.5,1.8,0.4,0.3,11.6,0.3,12,9,8,13,16,39,55,30,71,11,38,3,8,46,74,30,9,-88,348,0,0
1629645,30.6,69.3,44.3,11.0,3.2,2.8,0.3,24.4,0.9,167,19,55,121,24,166,190,251,567,67,219,88,127,154,657,60,10,-375,1463,1,0
1629647,31.5,69.9,39.3,7.9,5.3,1.0,0.7,23.0,0.4,95,64,41,108,52,464,516,283,720,103,327,100,143,86,769,97,45,-284,2233,10,0
1629649,11.1,85.7,26.1,1.5,0.5,0.4,0.1,4.6,0.0,5,1,0,3,3,4,7,6,23,1,9,6,7,3,19,13,0,-17,60,0,0
1629650,0.0,57.9,57.8,6.3,6.0,0.2,0.8,13.8,0.4,5,22,11,16,57,104,161,63,109,0,0,44,76,38,170,27,7,-91,372,5,0
1629651,18.2,53.7,59.6,6.6,3.8,0.9,1.0,15.8,0.4,29,32,12,17,42,77,119,87,146,2,11,29,54,42,205,31,0,39,491,0,0
1629652,31.8,77.4,38.8,9.9,2.9,1.2,0.2,26.3,0.9,91,19,66,80,51,171,222,263,677,110,346,123,159,196,759,77,69,-85,2023,0,0
1629653,0.0,0.0,50.0,1.3,0.7,0.0,0.0,4.7,0.3,0,0,1,0,1,1,2,2,4,0,0,0,0,1,4,3,0,-2,14,0,0
1629655,0.0,59.4,70.1,5.1,2.9,0.5,1.2,13.4,0.3,38,95,25,54,101,119,220,164,234,0,0,63,106,154,391,76,18,-45,1020,0,0
1629657,29.4,83.3,38.3,2.9,1.0,0.9,0.0,6.8,0.2,20,0,4,4,3,19,22,23,60,10,34,10,12,15,66,23,0,31,156,0,0
1629659,25.0,80.6,44.5,7.6,2.4,2.1,0.4,18.0,0.8,106,21,42,70,19,103,122,149,335,24,96,58,72,101,380,50,2,-11,901,1,0
1629660,37.8,68.0,39.7,5.3,2.0,2.1,0.1,15.4,0.6,93,5,27,32,14,76,90,89,224,45,119,17,25,58,240,45,1,-126,692,0,0
1629661,38.3,83.0,43.4,9.2,3.2,1.3,0.3,22.5,0.6,125,33,59,61,70,248,318,315,725,189,493,78,94,143,897,98,18,192,2208,2,0
1629667,32.7,76.3,45.5,4.8,3.0,0.6,0.2,14.2,0.3,23,8,10,28,23,89,112,66,145,17,52,29,38,68,178,37,1,-79,527,0,0
1629669,32.0,85.9,43.2,8.2,1.9,1.5,0.2,16.6,0.5,74,11,24,26,21,74,95,149,345,49,153,55,64,77,402,49,0,-73,813,0,0
1629670,48.0,76.5,40.3,4.7,1.8,0.3,0.2,8.4,0.4,4,3,7,14,3,25,28,25,62,12,25,13,17,11,75,16,1,-18,135,1,0
1629671,38.0,81.8,37.4,2.4,1.7,0.3,0.2,8.9,0.2,14,9,9,12,20,52,72,34,91,27,71,9,11,48,104,43,1,12,384,0,0
1629672,29.6,75.6,49.7,12.2,4.0,1.8,0.2,23.5,0.4,176,19,43,133,109,284,393,459,924,53,179,226,299,189,1197,98,28,-469,2307,4,0
1629673,30.8,83.5,37.3,9.5,1.9,2.1,0.2,20.7,0.5,177,13,44,94,13,146,159,265,710,118,383,142,170,128,790,83,19,-230,1720,0,0
1629675,33.3,70.2,47.6,10.1,4.3,1.2,1.0,18.1,0.6,88,72,46,72,87,242,329,295,620,68,204,113,161,202,771,76,24,-215,1373,3,0
1629676,32.4,73.0,50.7,8.5,5.4,1.7,0.6,22.1,0.8,73,28,36,69,67,170,237,144,284,22,68,65,89,111,375,44,21,-177,973,3,0
1629677,33.3,57.1,44.6,3.9,2.3,0.5,0.2,9.9,0.2,11,5,4,12,10,38,48,29,65,11,33,12,21,23,81,21,2,1,208,0,0
1629680,34.0,60.0,41.8,4.3,1.7,1.1,0.8,19.6,1.5,123,89,160,68,67,122,189,176,421,86,253,33,55,232,471,109,19,105,2132,0,0
1629681,20.0,66.7,26.3,2.3,1.0,0.2,0.7,8.8,0.3,1,4,2,1,3,3,6,5,19,2,10,2,3,5,14,6,0,10,53,0,0
1629682,25.6,93.8,30.0,3.2,0.9,2.0,0.1,9.5,0.7,47,2,16,28,2,18,20,24,80,10,39,15,16,19,73,23,2,8,218,0,0
1629683,14.3,75.0,25.9,0.8,0.4,0.7,0.1,5.5,0.3,15,2,7,13,1,9,10,7,27,1,7,3,4,17,18,23,0,-80,127,0,0
1629684,31.8,64.4,42.8,3.9,2.8,1.0,0.5,16.4,0.5,108,52,52,84,97,206,303,157,367,57,179,58,90,269,429,109,13,56,1789,0,0
1629685,33.8,77.8,43.8,5.2,3.5,1.1,0.4,16.5,0.6,33,12,19,32,20,87,107,57,130,26,77,21,27,37,161,31,0,-59,512,1,0
1629686,20.0,50.0,16.7,0.4,0.2,0.1,0.0,1.6,0.1,1,0,1,1,0,2,2,1,6,1,5,1,2,1,4,9,0,15,14,0,0
1629690,30.4,50.0,41.9,2.3,0.7,0.4,0.0,7.9,0.3,8,1,6,4,8,6,14,18,43,7,23,2,4,22,45,20,0,34,158,0,0
1629713,31.1,45.5,42.4,2.3,0.7,0.5,0.2,6.3,0.2,31,10,9,13,9,34,43,53,125,14,45,15,33,26,135,60,0,-47,379,0,0
1629714,30.4,75.0,39.1,1.9,1.2,0.6,0.2,5.8,0.2,14,6,6,8,5,24,29,18,46,7,23,3,4,14,46,24,0,-39,139,0,0
1629719,0.0,0.0,60.0,2.2,1.8,0.2,0.1,5.1,0.4,2,1,4,3,7,13,20,12,20,0,0,0,2,4,24,11,1,12,56,0,0
1629723,40.0,81.8,50.9,3.5,2.9,1.1,0.2,12.4,0.6,46,8,26,15,39,80,119,55,108,14,35,18,22,33,142,41,0,44,507,0,0
1629726,41.4,89.2,43.0,6.3,1.5,0.5,0.1,16.5,0.6,30,7,32,14,20,69,89,99,230,77,186,91,102,107,366,58,21,-75,958,0,0
1629730,22.2,86.2,47.7,3.1,1.0,0.3,0.0,7.4,0.0,6,1,1,8,3,19,22,21,44,4,18,25,29,12,71,23,0,-11,170,0,0
1629731,38.4,71.4,45.6,3.9,2.3,0.8,0.3,12.3,0.3,39,17,14,17,23,96,119,72,158,38,99,15,21,48,197,51,6,-60,629,0,0
1629735,25.0,68.6,62.4,2.9,2.7,0.5,0.5,7.6,0.2,29,26,10,42,67,85,152,58,93,1,4,48,70,106,165,57,0,-51,433,0,0
1629740,31.4,75.0,39.8,5.3,2.9,1.3,0.3,15.5,0.5,108,24,44,53,52,189,241,155,389,77,245,60,80,153,447,84,8,-53,1300,0,0
1629744,44.8,78.9,45.2,4.0,1.3,0.5,0.0,9.4,0.2,33,1,13,25,13,74,87,99,219,65,145,15,19,49,278,69,1,30,648,0,0
1629750,28.6,66.7,51.0,3.6,2.0,0.5,0.2,11.1,0.6,38,12,44,39,46,105,151,103,202,16,56,48,72,78,270,75,4,-76,836,0,0
1629752,31.6,44.4,51.2,1.4,1.1,0.3,0.0,5.5,0.1,10,2,5,8,16,29,45,22,43,6,19,4,9,33,54,40,0,-17,218,0,0
1629833,0.0,0.0,18.2,0.4,0.2,0.4,0.0,5.1,0.2,4,0,2,3,0,2,2,2,11,0,4,0,0,4,4,9,0,-9,46,0,0
1630162,30.8,77.3,39.0,17.3,4.4,2.5,0.4,30.6,1.0,120,20,50,96,39,171,210,307,788,101,328,116,150,84,831,48,31,-241,1471,2,0
1630163,37.5,78.9,45.1,15.9,5.9,6.1,0.3,28.6,1.6,251,14,65,115,54,186,240,237,526,81,216,97,123,116,652,41,21,-42,1174,7,1
1630164,33.3,63.0,52.2,11.8,5.9,0.6,1.0,21.6,0.3,20,34,10,51,46,149,195,164,314,11,33,51,81,109,390,33,21,-145,713,2,0
1630165,25.0,50.0,27.7,4.6,1.1,3.6,0.0,21.0,0.3,25,0,2,17,1,7,8,13,47,5,20,1,2,15,32,7,7,-38,147,0,0
1630166,32.6,65.4,42.5,6.1,4.6,1.2,0.2,22.3,0.6,49,10,24,29,16,179,195,99,233,42,129,17,26,114,257,42,20,-50,936,0,0
1630167,28.8,70.6,47.4,4.0,2.2,0.5,0.3,11.7,0.3,20,11,10,19,16,67,83,63,133,15,52,12,17,38,153,38,0,-54,444,0,0
1630168,0.0,58.8,59.6,2.6,2.2,0.2,0.5,8.8,0.3,5,13,8,9,17,39,56,28,47,0,1,10,17,36,66,25,1,-37,220,0,0
1630169,42.3,87.2,48.6,13.3,3.3,5.0,0.6,30.1,1.3,208,23,54,64,34,104,138,215,442,94,222,34,39,59,558,42,11,-97,1266,2,0
1630170,40.7,86.7,41.3,5.2,3.0,1.0,0.3,17.1,0.9,37,11,34,16,17,98,115,69,167,35,86,26,30,53,199,38,1,37,648,0,0
1630171,28.3,69.4,40.5,7.8,2.7,1.8,0.4,32.0,1.0,75,19,44,62,37,78,115,121,299,34,120,50,72,118,326,42,42,-298,1344,0,0
1630172,38.0,76.6,47.4,9.8,4.9,1.3,0.7,28.4,0.7,58,33,32,65,41,178,219,172,363,38,100,59,77,97,441,45,45,-170,1276,3,0
1630173,0.0,50.0,56.0,5.3,3.6,0.5,0.5,12.7,0.3,24,23,15,37,58,109,167,98,175,0,0,47,94,72,243,46,2,-121,584,2,0
1630174,33.3,71.4,37.2,3.7,2.3,0.4,0.2,14.5,0.3,10,6,7,15,13,46,59,32,86,21,63,10,14,42,95,26,0,24,378,0,0
1630175,32.5,83.6,37.5,11.0,4.4,3.8,0.4,26.7,0.7,94,11,17,51,20,91,111,101,269,27,83,46,55,51,275,25,17,-101,667,0,0
1630176,0.0,50.0,50.0,0.7,1.3,0.1,0.1,3.4,0.0,1,1,0,1,2,7,9,2,4,0,1,1,2,0,5,7,0,-11,24,0,0
1630177,36.6,76.0,37.4,8.7,3.4,3.4,0.1,27.1,1.0,140,4,39,81,16,123,139,126,337,68,186,38,50,91,358,41,25,-258,1111,1,0
1630178,30.2,84.8,45.9,7.4,1.7,1.5,0.2,14.7,0.4,63,6,15,25,9,59,68,128,279,19,63,28,33,47,303,41,6,-127,603,0,0
1630179,0.0,33.3,31.3,1.0,0.5,0.5,0.0,5.1,0.4,6,0,5,2,0,6,6,5,16,0,7,1,3,2,11,11,0,0,56,0,0
1630180,38.5,87.3,40.2,10.6,4.1,1.3,0.1,24.9,0.6,60,5,28,35,24,162,186,154,383,102,265,69,79,78,479,45,28,-125,1122,3,0
1630181,28.6,73.3,42.5,2.9,2.1,0.6,0.1,9.8,0.2,16,2,6,13,13,43,56,31,73,6,21,11,15,23,79,27,0,-83,264,0,0
1630182,13.3,53.8,45.3,2.4,1.8,0.5,0.1,10.6,0.2,13,2,5,14,14,29,43,24,53,2,15,7,13,17,57,24,5,-10,255,0,0
1630183,37.7,50.0,44.2,6.4,3.5,1.1,1.0,21.6,0.5,44,43,19,27,31,111,142,102,231,46,122,14,28,96,264,41,7,-19,885,0,0
1630184,35.9,74.1,41.8,6.2,1.1,2.2,0.1,14.8,0.7,69,4,21,13,4,29,33,74,177,23,64,20,27,41,191,31,0,54,460,0,0
1630185,40.0,80.0,34.1,5.3,1.8,2.8,0.0,14.3,0.7,47,0,12,18,2,28,30,28,82,18,45,16,20,23,90,17,1,-37,243,0,0
1630186,33.3,0.0,60.0,1.4,0.8,0.2,0.2,3.2,0.0,1,1,0,1,0,4,4,3,5,1,3,0,0,0,7,5,0,9,16,0,0
1630187,0.0,50.0,52.2,1.6,1.3,0.4,0.2,4.6,0.1,6,3,1,5,8,12,20,12,23,0,1,2,4,11,26,16,0,21,73,0,0
1630188,22.2,33.3,38.1,1.3,1.0,0.1,0.1,4.4,0.0,2,2,0,3,5,10,15,8,21,2,9,1,3,7,19,15,0,-25,66,0,0
1630189,0.0,50.0,27.3,0.9,1.3,0.1,0.1,3.4,0.0,1,1,0,0,5,7,12,3,11,0,1,2,4,4,8,9,0,-16,31,0,0
1630190,38.5,75.0,38.9,2.2,0.6,0.4,0.1,3.8,0.1,4,1,1,5,0,6,6,7,18,5,13,3,4,0,22,10,0,-15,38,0,0
1630191,43.5,67.4,57.1,6.4,5.7,0.8,1.0,19.0,0.5,35,45,24,40,98,159,257,124,217,10,23,31,46,111,289,45,2,2,857,3,0
1630192,41.3,80.0,52.4,3.8,1.7,0.2,0.1,10.5,0.1,5,3,4,7,13,39,52,43,82,19,46,12,15,23,117,31,1,-48,324,0,0
1630193,37.2,88.8,38.7,12.5,2.3,2.3,0.2,19.9,0.5,99,10,23,42,19,80,99,168,434,83,223,119,134,86,538,43,3,33,854,0,0
1630194,0.0,0.0,43.8,2.8,1.9,0.3,0.5,8.3,0.4,3,5,4,6,10,9,19,14,32,0,5,0,1,12,28,10,0,26,83,0,0
1630197,23.4,89.5,30.7,6.3,4.7,1.8,1.0,22.6,0.4,49,27,12,44,19,109,128,63,205,26,111,17,19,29,169,27,10,-158,610,1,0
1630198,35.8,100.0,35.6,3.8,1.1,0.6,0.2,10.8,0.3,15,4,7,5,6,20,26,31,87,24,67,5,5,23,91,24,1,-9,258,0,0
1630199,20.0,80.0,26.7,1.1,0.7,0.0,0.2,2.8,0.0,0,2,0,1,4,4,8,4,15,1,5,4,5,8,13,12,0,-12,33,0,0
1630200,100.0,100.0,48.5,1.7,0.4,0.5,0.0,4.2,0.1,10,0,2,7,5,4,9,16,33,1,1,5,5,5,38,22,0,-42,93,0,0
1630201,17.5,62.5,27.4,2.3,0.9,1.3,0.0,10.3,0.3,30,0,7,8,1,20,21,20,73,7,40,5,8,18,52,23,0,-90,237,0,0
1630202,42.0,87.5,46.0,7.3,2.2,2.0,0.2,19.6,0.6,82,7,23,38,23,71,94,114,248,58,138,21,24,78,307,42,1,-9,824,0,0
1630203,0.0,0.0,0.0,0.0,0.0,0.0,0.0,0.0,0.0,,,,,,,,,,,,,,,,,,,,,
1630205,17.4,70.5,44.4,4.5,2.7,0.8,0.4,13.6,0.5,24,12,16,18,20,66,86,55,124,4,23,31,44,44,145,32,0,-96,435,1,0
1630206,0.0,0.0,0.0,0.0,0.0,0.0,0.0,0.0,0.0,,,,,,,,,,,,,,,,,,,,,
1630207,16.7,66.7,36.8,1.9,0.3,0.4,0.1,3.9,0.4,4,1,4,4,0,3,3,7,19,1,6,4,6,2,19,10,0,-20,39,0,0
1630208,0.0,63.6,50.0,1.2,0.7,0.0,0.0,3.4,0.0,0,0,0,1,2,6,8,3,6,0,0,7,11,5,13,11,0,-2,37,0,0
1630210,17.2,50.0,22.0,1.1,0.3,0.4,0.0,3.4,0.1,8,0,2,6,0,7,7,9,41,5,29,1,2,11,24,22,0,-37,75,0,0
1630211,50.0,100.0,16.7,1.0,1.6,0.4,0.2,9.3,0.0,4,2,0,3,1,13,14,2,12,1,2,4,4,9,9,9,0,-26,84,0,0
1630214,26.3,73.3,51.7,6.2,4.1,1.4,0.5,18.5,0.8,49,18,28,27,43,102,145,92,178,10,38,22,30,75,216,35,7,40,647,0,0
1630216,50.0,100.0,38.9,2.0,0.6,0.9,0.1,6.1,0.2,10,1,2,1,0,7,7,7,18,6,12,2,2,5,22,11,0,-32,67,0,0
1630217,45.5,83.9,48.0,9.4,3.0,1.4,0.2,22.6,0.7,58,6,27,40,16,105,121,145,302,70,154,26,31,79,386,41,11,17,927,0,0
1630218,25.0,37.5,46.2,1.6,1.1,0.0,0.1,2.5,0.0,0,1,0,1,3,8,11,6,13,1,4,3,8,1,16,10,0,8,25,0,0
1630219,37.0,85.0,39.0,3.5,1.0,1.0,0.0,7.9,0.3,20,0,6,6,9,12,21,23,59,10,27,17,20,11,73,21,0,11,166,0,0
1630221,13.3,52.0,24.2,3.1,2.0,1.3,0.0,11.4,0.0,13,0,0,11,1,19,20,8,33,2,15,13,25,12,31,10,0,-24,114,0,0
1630222,35.9,61.4,41.2,5.8,2.0,1.5,0.0,11.8,0.2,39,1,6,28,4,47,51,47,114,23,64,35,57,22,152,26,1,-85,307,0,0
1630223,50.0,0.0,25.0,0.8,0.8,0.5,0.0,3.5,0.2,2,0,1,1,1,2,3,1,4,1,2,0,0,2,3,4,0,7,14,0,0
1630230,0.0,50.0,16.7,0.4,0.3,0.3,0.1,3.3,0.0,2,1,0,1,0,2,2,1,6,0,2,1,2,2,3,7,0,-12,23,0,0
1630231,36.4,75.9,52.0,6.8,4.6,0.7,0.9,18.9,0.6,13,18,12,19,36,56,92,53,102,8,22,22,29,34,136,20,0,-54,378,1,0
1630233,31.3,83.3,43.8,3.8,1.9,0.2,0.3,7.4,0.2,4,6,4,10,16,21,37,21,48,5,16,25,30,13,72,19,0,3,140,0,0
1630234,0.0,0.0,0.0,0.0,0.3,0.3,0.0,2.3,0.0,1,0,0,0,0,1,1,0,4,0,2,0,0,1,0,4,0,-13,9,0,0
1630235,0.0,100.0,33.3,0.7,0.5,0.8,0.0,4.3,0.2,10,0,2,5,0,6,6,3,9,0,2,2,2,3,8,12,0,-24,52,0,0
1630237,15.8,75.0,21.2,2.5,3.4,0.3,0.1,14.3,0.1,2,1,1,3,12,15,27,7,33,3,19,3,4,14,20,8,0,-51,114,0,0
1630240,54.5,64.5,48.7,6.0,1.7,3.0,0.3,15.5,0.6,78,8,16,24,12,32,44,55,113,6,11,40,62,41,156,26,3,-58,402,0,0
1630241,46.4,100.0,46.5,2.6,1.0,0.8,0.0,7.1,0.2,16,1,5,8,6,14,20,20,43,13,28,2,2,8,55,21,1,-35,149,0,0
1630253,27.8,100.0,42.9,3.4,1.5,0.4,0.2,12.9,0.2,4,2,2,4,5,11,16,12,28,5,18,8,8,8,37,11,0,-41,142,0,0
1630256,31.0,72.2,51.8,10.6,5.4,1.9,0.6,28.7,1.1,88,29,53,52,93,160,253,198,382,36,116,65,90,148,497,47,35,-73,1349,2,0
1630264,12.5,75.0,33.3,0.9,1.5,0.3,0.2,5.5,0.2,4,2,3,3,3,16,19,4,12,1,8,3,4,3,12,13,1,-33,72,0,0
1630266,0.0,0.0,0.0,0.0,0.0,0.0,0.0,3.0,0.0,0,0,0,1,0,0,0,0,1,0,1,0,0,1,0,1,0,-10,3,0,0
1630267,34.2,80.5,36.5,4.8,1.4,2.7,0.2,18.0,1.0,112,9,42,39,9,47,56,61,167,40,117,33,41,81,195,41,1,28,739,0,0
1630268,25.0,0.0,25.0,1.5,0.0,0.5,0.0,3.5,0.0,1,0,0,0,0,0,0,1,4,1,4,0,0,0,3,2,0,-16,7,0,0
1630271,21.7,81.0,30.2,4.0,1.3,1.0,0.4,11.7,0.6,12,5,7,7,2,13,15,13,43,5,23,17,21,14,48,12,1,21,140,0,0
